{
  "small": {
    "architecture": "784 \u2192 64 \u2192 10",
    "regularization": {
      "l1_lambda": 1e-05,
      "l1_target": "fc1"
    },
    "parameters": 50890,
    "final_test_acc": 0.9755,
    "final_test_loss": 0.09019208728866651,
    "avg_epoch_time": 5.649633614222209,
    "total_time": 84.74450421333313
  },
  "compact": {
    "architecture": "784 \u2192 16 \u2192 16 \u2192 10",
    "regularization": {
      "l1_lambda": 1e-05,
      "l1_target": "fc1"
    },
    "parameters": 13002,
    "final_test_acc": 0.9583,
    "final_test_loss": 0.14355563667714596,
    "avg_epoch_time": 5.835309346516927,
    "total_time": 87.5296401977539
  }
}