{
  "small": {
    "train_loss": [
      0.3613730920712153,
      0.18051145136356353,
      0.12782638782262803,
      0.09929070091247559,
      0.08274672482411066,
      0.07036254658897718,
      0.06093996655941009,
      0.05260718933542569,
      0.046728592333197594,
      0.04072108594179154,
      0.035865930623809494,
      0.03198522306481997,
      0.028018966868519783,
      0.027047874361276626,
      0.0235866070608298
    ],
    "train_acc": [
      0.8971333333333333,
      0.9472833333333334,
      0.9626166666666667,
      0.9704666666666667,
      0.9759333333333333,
      0.9787666666666667,
      0.98155,
      0.9841333333333333,
      0.9856,
      0.9877166666666667,
      0.9889166666666667,
      0.9899833333333333,
      0.99165,
      0.9913333333333333,
      0.99295
    ],
    "test_loss": [
      0.2101353373527527,
      0.15590131617188455,
      0.12452167375087737,
      0.10410821781605482,
      0.10069982461109757,
      0.0984621704056859,
      0.09202090188190341,
      0.0900217757485807,
      0.09876872781869024,
      0.09202471639923751,
      0.09572578893899918,
      0.09258368587419391,
      0.09856639145985245,
      0.09941750353910028,
      0.0981566540490836
    ],
    "test_acc": [
      0.9385,
      0.9532,
      0.9628,
      0.9691,
      0.9708,
      0.9731,
      0.9731,
      0.9738,
      0.9719,
      0.974,
      0.9732,
      0.9737,
      0.973,
      0.9737,
      0.974
    ],
    "epoch_times": [
      6.664803981781006,
      5.658366918563843,
      5.124445199966431,
      5.974378824234009,
      4.854946851730347,
      4.755046844482422,
      5.11967396736145,
      4.786866188049316,
      5.096744060516357,
      5.0555260181427,
      5.1454017162323,
      4.861577033996582,
      4.618402004241943,
      4.748657941818237,
      4.7218968868255615
    ]
  },
  "large": {
    "train_loss": [
      0.32687614487409594,
      0.13309789441426595,
      0.09145943601528804,
      0.0684703670501709,
      0.056408795782923696,
      0.042795430236061416,
      0.036164426568647226,
      0.030943637147173287,
      0.02428935985142986,
      0.02090565574305753,
      0.0187721581791838,
      0.018159085719039042,
      0.016875588712406655,
      0.013640210682960847,
      0.014073331073423227
    ],
    "train_acc": [
      0.9062,
      0.9595333333333333,
      0.9721,
      0.9787833333333333,
      0.9819,
      0.9862833333333333,
      0.9878,
      0.9900833333333333,
      0.9920666666666667,
      0.9929833333333333,
      0.9933833333333333,
      0.9937666666666667,
      0.9943666666666666,
      0.9952333333333333,
      0.9952166666666666
    ],
    "test_loss": [
      0.17184920326471328,
      0.12108762145936489,
      0.10813389545381069,
      0.08448309068270028,
      0.08715910167992115,
      0.0865534668827895,
      0.08018104804316535,
      0.07969224829776213,
      0.0940742415990855,
      0.08529123501757276,
      0.09468701058753068,
      0.11069927773542004,
      0.09790654575342232,
      0.13275092178805498,
      0.10509966375821386
    ],
    "test_acc": [
      0.9478,
      0.9626,
      0.9679,
      0.9739,
      0.9744,
      0.9736,
      0.9773,
      0.9768,
      0.9732,
      0.9756,
      0.9738,
      0.9722,
      0.9758,
      0.9693,
      0.9776
    ],
    "epoch_times": [
      5.078817129135132,
      4.885004043579102,
      5.031942844390869,
      5.347630977630615,
      5.089462041854858,
      5.733331918716431,
      5.246188163757324,
      4.943964958190918,
      5.164528846740723,
      4.907545804977417,
      5.017112970352173,
      5.023429870605469,
      4.996776819229126,
      5.495151042938232,
      4.985683917999268
    ]
  }
}