{
  "small": {
    "train_loss": [
      0.34624061565001807,
      0.1711834274450938,
      0.12506431135336557,
      0.09862334489822387,
      0.0810829434533914,
      0.06764446345766385,
      0.05804577086567879,
      0.05056949517528216,
      0.04266601007382075,
      0.038097921829422315,
      0.033666758371889594,
      0.029812057216465473,
      0.026153518848121168,
      0.022715501833955445,
      0.020978101590524118
    ],
    "train_acc": [
      0.9013666666666666,
      0.9503,
      0.96345,
      0.9713,
      0.97645,
      0.9797166666666667,
      0.9827,
      0.9845833333333334,
      0.9876666666666667,
      0.9886666666666667,
      0.99,
      0.99095,
      0.9921833333333333,
      0.9934166666666666,
      0.994
    ],
    "test_loss": [
      0.1970573119878769,
      0.14404763890504838,
      0.11711080969572067,
      0.10218579078316689,
      0.09760910363122821,
      0.08392355137765407,
      0.08926511695794762,
      0.08555999397281558,
      0.08477430305406451,
      0.08167820163175929,
      0.08850965537559241,
      0.08601881126202643,
      0.08748808439495041,
      0.0898832511290675,
      0.09019208728866651
    ],
    "test_acc": [
      0.9437,
      0.9589,
      0.9654,
      0.9679,
      0.9702,
      0.9743,
      0.972,
      0.9736,
      0.9744,
      0.9754,
      0.9744,
      0.9757,
      0.9747,
      0.9747,
      0.9755
    ],
    "epoch_times": [
      6.42668080329895,
      4.946100950241089,
      5.035995006561279,
      5.078685760498047,
      4.963202953338623,
      6.030841827392578,
      7.712759971618652,
      6.205831050872803,
      5.988731861114502,
      6.028182029724121,
      5.197504997253418,
      5.16616415977478,
      5.704934120178223,
      5.0679168701171875,
      5.190971851348877
    ]
  },
  "compact": {
    "train_loss": [
      0.5666865967035294,
      0.26777955856323243,
      0.21536369593938193,
      0.18739585325717925,
      0.16927392693360646,
      0.15698599287668863,
      0.14741650341351828,
      0.14046721002260845,
      0.13378252368768057,
      0.12927347311973572,
      0.12472028088172277,
      0.12013242729504903,
      0.11764759601354599,
      0.1127949808160464,
      0.11065080828666687
    ],
    "train_acc": [
      0.8362833333333334,
      0.9206333333333333,
      0.93725,
      0.9443666666666667,
      0.9493166666666667,
      0.95335,
      0.9558833333333333,
      0.9579833333333333,
      0.9604166666666667,
      0.9609166666666666,
      0.9623666666666667,
      0.9637833333333333,
      0.9642,
      0.96625,
      0.9658
    ],
    "test_loss": [
      0.2996568523645401,
      0.24670021860599517,
      0.2010716062605381,
      0.18014704123735428,
      0.1685725819170475,
      0.16267698867022992,
      0.1574557922422886,
      0.1567518813893199,
      0.14968182248473166,
      0.14446967738866806,
      0.16121245480030774,
      0.14868525995649398,
      0.14602998283803462,
      0.14103258240371944,
      0.14355563667714596
    ],
    "test_acc": [
      0.9069,
      0.923,
      0.9376,
      0.945,
      0.9483,
      0.9499,
      0.9498,
      0.9511,
      0.954,
      0.9565,
      0.9524,
      0.9549,
      0.9575,
      0.9574,
      0.9583
    ],
    "epoch_times": [
      5.472820043563843,
      5.216118097305298,
      7.771963834762573,
      5.943738222122192,
      5.763704776763916,
      5.685657024383545,
      5.717111825942993,
      6.4970128536224365,
      5.44443416595459,
      5.667509078979492,
      6.05232572555542,
      5.755567789077759,
      5.85100793838501,
      5.395838022232056,
      5.294830799102783
    ]
  }
}